domain,id,name,edition,kind,className,data,runtime,ui,tests,mode,score,status,source
"class","barbarian","Barbarian","mixed","","","true","true","true","true","automatic","100","READY","classFeatureEngine.ts"
"class","bard","Bard","mixed","","","true","true","true","true","automatic","100","READY","classFeatureEngine.ts"
"class","cleric","Cleric","mixed","","","true","true","true","true","automatic","100","READY","classFeatureEngine.ts"
"class","druid","Druid","mixed","","","true","true","true","true","automatic","100","READY","classFeatureEngine.ts"
"class","fighter","Fighter","mixed","","","true","true","true","true","automatic","100","READY","classFeatureEngine.ts"
"class","monk","Monk","mixed","","","true","true","true","true","automatic","100","READY","classFeatureEngine.ts"
"class","paladin","Paladin","mixed","","","true","true","true","true","automatic","100","READY","classFeatureEngine.ts"
"class","ranger","Ranger","mixed","","","true","true","true","true","automatic","100","READY","classFeatureEngine.ts"
"class","rogue","Rogue","mixed","","","true","true","true","true","automatic","100","READY","classFeatureEngine.ts"
"class","sorcerer","Sorcerer","mixed","","","true","true","true","true","automatic","100","READY","classFeatureEngine.ts"
"class","warlock","Warlock","mixed","","","true","true","true","true","automatic","100","READY","classFeatureEngine.ts"
"class","wizard","Wizard","mixed","","","true","true","true","true","automatic","100","READY","classFeatureEngine.ts"
"subclass","circle-of-dreams","Circle of Dreams","dnd_2014","","Druid","true","true","true","true","partial","100","READY","subclassExpansion.ts"
"subclass","way-of-the-kensei","Way of the Kensei","dnd_2014","","Monk","true","true","true","true","partial","100","READY","subclassExpansion.ts"
"subclass","oath-of-vengeance","Oath of Vengeance","dnd_2014","","Paladin","true","true","true","true","partial","100","READY","subclassExpansion.ts"
"subclass","gloom-stalker","Gloom Stalker","dnd_2014","","Ranger","true","true","true","true","partial","100","READY","subclassExpansion.ts"
"subclass","swashbuckler","Swashbuckler","dnd_2014","","Rogue","true","true","true","true","partial","100","READY","subclassExpansion.ts"
"subclass","path-of-the-totem-warrior","Path of the Totem Warrior","dnd_2014","","Barbarian","true","true","true","true","partial","100","READY","subclassExpansion.ts"
"subclass","college-of-valor","College of Valor","dnd_2014","","Bard","true","true","true","true","partial","100","READY","subclassExpansion.ts"
"subclass","college-of-glamour","College of Glamour","dnd_2014","","Bard","true","true","true","true","partial","100","READY","subclassExpansion.ts"
"subclass","college-of-swords","College of Swords","dnd_2014","","Bard","true","true","true","true","partial","100","READY","subclassExpansion.ts"
"subclass","college-of-whispers","College of Whispers","dnd_2014","","Bard","true","true","true","true","partial","100","READY","subclassExpansion.ts"
"subclass","college-of-eloquence","College of Eloquence","dnd_2014","","Bard","true","true","true","true","partial","100","READY","subclassExpansion.ts"
"subclass","college-of-creation","College of Creation","dnd_2014","","Bard","true","true","true","true","partial","100","READY","subclassExpansion.ts"
"subclass","college-of-spirits","College of Spirits","dnd_2014","","Bard","true","true","true","true","partial","100","READY","subclassExpansion.ts"
"subclass","circle-of-the-moon","Circle of the Moon","dnd_2014","","Druid","true","true","true","true","partial","100","READY","subclassExpansion.ts"
"subclass","battle-master","Battle Master","dnd_2014","","Fighter","true","true","true","true","partial","100","READY","subclassExpansion.ts"
"subclass","way-of-shadow","Way of Shadow","dnd_2014","","Monk","true","true","true","true","partial","100","READY","subclassExpansion.ts"
"subclass","oath-of-the-ancients","Oath of the Ancients","dnd_2014","","Paladin","true","true","true","true","partial","100","READY","subclassExpansion.ts"
"subclass","beast-master","Beast Master","dnd_2014","","Ranger","true","true","true","true","partial","100","READY","subclassExpansion.ts"
"subclass","assassin","Assassin","dnd_2014","","Rogue","true","true","true","true","partial","100","READY","subclassExpansion.ts"
"subclass","arcane-trickster","Arcane Trickster","dnd_2014","","Rogue","true","true","true","true","partial","100","READY","subclassExpansion.ts"
"subclass","eldritch-knight","Eldritch Knight","dnd_2014","","Fighter","true","true","true","true","partial","100","READY","subclassExpansion.ts"
"subclass","wild-magic","Wild Magic","dnd_2014","","Sorcerer","true","true","true","true","partial","100","READY","subclassExpansion.ts"
"subclass","storm-sorcery","Storm Sorcery","dnd_2014","","Sorcerer","true","true","true","false","partial","80","PARTIAL","subclassExpansion.ts"
"subclass","divine-soul","Divine Soul","dnd_2014","","Sorcerer","true","true","true","true","partial","100","READY","subclassExpansion.ts"
"subclass","shadow-magic","Shadow Magic","dnd_2014","","Sorcerer","true","true","true","false","partial","80","PARTIAL","subclassExpansion.ts"
"subclass","aberrant-mind","Aberrant Mind","dnd_2014","","Sorcerer","true","true","true","false","partial","80","PARTIAL","subclassExpansion.ts"
"subclass","clockwork-soul","Clockwork Soul","dnd_2014","","Sorcerer","true","true","true","true","partial","100","READY","subclassExpansion.ts"
"subclass","lunar-sorcery","Lunar Sorcery","dnd_2014","","Sorcerer","true","true","true","false","partial","80","PARTIAL","subclassExpansion.ts"
"subclass","the-archfey","The Archfey","dnd_2014","","Warlock","true","true","true","false","partial","80","PARTIAL","subclassExpansion.ts"
"subclass","the-celestial","The Celestial","dnd_2014","","Warlock","true","true","true","true","partial","100","READY","subclassExpansion.ts"
"subclass","the-fathomless","The Fathomless","dnd_2014","","Warlock","true","true","true","false","partial","80","PARTIAL","subclassExpansion.ts"
"subclass","the-genie","The Genie","dnd_2014","","Warlock","true","true","true","true","partial","100","READY","subclassExpansion.ts"
"subclass","the-hexblade","The Hexblade","dnd_2014","","Warlock","true","true","true","true","partial","100","READY","subclassExpansion.ts"
"subclass","the-undead","The Undead","dnd_2014","","Warlock","true","true","true","false","partial","80","PARTIAL","subclassExpansion.ts"
"subclass","the-undying","The Undying","dnd_2014","","Warlock","true","true","true","false","partial","80","PARTIAL","subclassExpansion.ts"
"subclass","great-old-one","The Great Old One","dnd_2014","","Warlock","true","true","true","true","partial","100","READY","subclassExpansion.ts"
"subclass","school-of-abjuration","School of Abjuration","dnd_2014","","Wizard","true","true","true","true","partial","100","READY","subclassExpansion.ts"
"subclass","school-of-conjuration","School of Conjuration","dnd_2014","","Wizard","true","true","true","false","partial","80","PARTIAL","subclassExpansion.ts"
"subclass","school-of-divination","School of Divination","dnd_2014","","Wizard","true","true","true","true","partial","100","READY","subclassExpansion.ts"
"subclass","school-of-enchantment","School of Enchantment","dnd_2014","","Wizard","true","true","true","false","partial","80","PARTIAL","subclassExpansion.ts"
"subclass","school-of-illusion","School of Illusion","dnd_2014","","Wizard","true","true","true","true","partial","100","READY","subclassExpansion.ts"
"subclass","school-of-necromancy","School of Necromancy","dnd_2014","","Wizard","true","true","true","false","partial","80","PARTIAL","subclassExpansion.ts"
"subclass","school-of-transmutation","School of Transmutation","dnd_2014","","Wizard","true","true","true","false","partial","80","PARTIAL","subclassExpansion.ts"
"subclass","bladesinging","Bladesinging","dnd_2014","","Wizard","true","true","true","false","partial","80","PARTIAL","subclassExpansion.ts"
"subclass","war-magic","War Magic","dnd_2014","","Wizard","true","true","true","false","partial","80","PARTIAL","subclassExpansion.ts"
"subclass","order-of-scribes","Order of Scribes","dnd_2014","","Wizard","true","true","true","false","partial","80","PARTIAL","subclassExpansion.ts"
"subclass","chronurgy-magic","Chronurgy Magic","dnd_2014","","Wizard","true","true","true","false","partial","80","PARTIAL","subclassExpansion.ts"
"subclass","graviturgy-magic","Graviturgy Magic","dnd_2014","","Wizard","true","true","true","false","partial","80","PARTIAL","subclassExpansion.ts"
"subclass","circle-of-stars-2024","Circle of the Stars","dnd_2024","","Druid","true","true","true","true","partial","100","READY","subclassExpansion.ts"
"subclass","wild-heart-2024","Path of the Wild Heart","dnd_2024","","Barbarian","true","true","true","true","partial","100","READY","subclassExpansion.ts"
"subclass","zealot-2024","Path of the Zealot","dnd_2024","","Barbarian","true","true","true","true","partial","100","READY","subclassExpansion.ts"
"subclass","psi-warrior-2024","Psi Warrior","dnd_2024","","Fighter","true","true","true","true","partial","100","READY","subclassExpansion.ts"
"subclass","warrior-of-mercy-2024","Warrior of Mercy","dnd_2024","","Monk","true","true","true","true","partial","100","READY","subclassExpansion.ts"
"subclass","arcane-trickster-2024","Arcane Trickster","dnd_2024","","Rogue","true","true","true","true","partial","100","READY","subclassExpansion.ts"
"subclass","college-of-dance-2024","College of Dance","dnd_2024","","Bard","true","true","true","true","partial","100","READY","subclassExpansion.ts"
"subclass","circle-of-the-sea-2024","Circle of the Sea","dnd_2024","","Druid","true","true","true","true","partial","100","READY","subclassExpansion.ts"
"subclass","eldritch-knight-2024","Eldritch Knight","dnd_2024","","Fighter","true","true","true","true","partial","100","READY","subclassExpansion.ts"
"subclass","warrior-of-the-elements-2024","Warrior of the Elements","dnd_2024","","Monk","true","true","true","true","partial","100","READY","subclassExpansion.ts"
"subclass","oath-of-glory-2024","Oath of Glory","dnd_2024","","Paladin","true","true","true","true","partial","100","READY","subclassExpansion.ts"
"subclass","fey-wanderer-2024","Fey Wanderer","dnd_2024","","Ranger","true","true","true","true","partial","100","READY","subclassExpansion.ts"
"subclass","soulknife-2024","Soulknife","dnd_2024","","Rogue","true","true","true","true","partial","100","READY","subclassExpansion.ts"
"subclass","light-domain-2024","Light Domain","dnd_2024","","Cleric","true","true","true","true","partial","100","READY","subclassExpansion.ts"
"subclass","trickery-domain-2024","Trickery Domain","dnd_2024","","Cleric","true","true","true","true","partial","100","READY","subclassExpansion.ts"
"subclass","war-domain-2024","War Domain","dnd_2024","","Cleric","true","true","true","true","partial","100","READY","subclassExpansion.ts"
"subclass","world-tree-2024","Path of the World Tree","dnd_2024","","Barbarian","true","true","true","true","partial","100","READY","subclassExpansion.ts"
"subclass","college-of-glamour-2024","College of Glamour","dnd_2024","","Bard","true","true","true","true","partial","100","READY","subclassExpansion.ts"
"subclass","valor-2024","College of Valor","dnd_2024","","Bard","true","true","true","true","partial","100","READY","subclassExpansion.ts"
"subclass","moon-2024","Circle of the Moon","dnd_2024","","Druid","true","true","true","true","partial","100","READY","subclassExpansion.ts"
"subclass","battle-master-2024","Battle Master","dnd_2024","","Fighter","true","true","true","true","partial","100","READY","subclassExpansion.ts"
"subclass","shadow-monk-2024","Warrior of Shadow","dnd_2024","","Monk","true","true","true","true","partial","100","READY","subclassExpansion.ts"
"subclass","ancients-2024","Oath of the Ancients","dnd_2024","","Paladin","true","true","true","true","partial","100","READY","subclassExpansion.ts"
"subclass","beast-master-2024","Beast Master","dnd_2024","","Ranger","true","true","true","true","partial","100","READY","subclassExpansion.ts"
"subclass","assassin-2024","Assassin","dnd_2024","","Rogue","true","true","true","true","partial","100","READY","subclassExpansion.ts"
"subclass","wild-magic-2024","Wild Magic Sorcery","dnd_2024","","Sorcerer","true","true","true","true","partial","100","READY","subclassExpansion.ts"
"subclass","aberrant-sorcery-2024","Aberrant Sorcery","dnd_2024","","Sorcerer","true","true","true","true","partial","100","READY","subclassExpansion.ts"
"subclass","clockwork-sorcery-2024","Clockwork Sorcery","dnd_2024","","Sorcerer","true","true","true","true","partial","100","READY","subclassExpansion.ts"
"subclass","archfey-patron-2024","Archfey Patron","dnd_2024","","Warlock","true","true","true","true","partial","100","READY","subclassExpansion.ts"
"subclass","celestial-patron-2024","Celestial Patron","dnd_2024","","Warlock","true","true","true","true","partial","100","READY","subclassExpansion.ts"
"subclass","oath-of-vengeance-2024","Oath of Vengeance","dnd_2024","","Paladin","true","true","true","true","partial","100","READY","subclassExpansion.ts"
"subclass","gloom-stalker-2024","Gloom Stalker","dnd_2024","","Ranger","true","true","true","true","partial","100","READY","subclassExpansion.ts"
"subclass","great-old-one-2024","Great Old One Patron","dnd_2024","","Warlock","true","true","true","true","partial","100","READY","subclassExpansion.ts"
"subclass","abjurer-2024","Abjurer","dnd_2024","","Wizard","true","true","true","true","partial","100","READY","subclassExpansion.ts"
"subclass","diviner-2024","Diviner","dnd_2024","","Wizard","true","true","true","true","partial","100","READY","subclassExpansion.ts"
"subclass","illusionist-2024","Illusionist","dnd_2024","","Wizard","true","true","true","true","partial","100","READY","subclassExpansion.ts"
"subclass","knowledge-domain","Knowledge Domain","dnd_2014","","Cleric","true","true","true","false","partial","80","PARTIAL","subclassExpansion.ts"
"subclass","light-domain","Light Domain","dnd_2014","","Cleric","true","true","true","true","partial","100","READY","subclassExpansion.ts"
"subclass","nature-domain","Nature Domain","dnd_2014","","Cleric","true","true","true","false","partial","80","PARTIAL","subclassExpansion.ts"
"subclass","tempest-domain","Tempest Domain","dnd_2014","","Cleric","true","true","true","true","partial","100","READY","subclassExpansion.ts"
"subclass","trickery-domain","Trickery Domain","dnd_2014","","Cleric","true","true","true","true","partial","100","READY","subclassExpansion.ts"
"subclass","war-domain","War Domain","dnd_2014","","Cleric","true","true","true","true","partial","100","READY","subclassExpansion.ts"
"subclass","death-domain","Death Domain","dnd_2014","","Cleric","true","true","true","false","partial","80","PARTIAL","subclassExpansion.ts"
"subclass","arcana-domain","Arcana Domain","dnd_2014","","Cleric","true","true","true","true","partial","100","READY","subclassExpansion.ts"
"subclass","forge-domain","Forge Domain","dnd_2014","","Cleric","true","true","true","false","partial","80","PARTIAL","subclassExpansion.ts"
"subclass","grave-domain","Grave Domain","dnd_2014","","Cleric","true","true","true","true","partial","100","READY","subclassExpansion.ts"
"subclass","order-domain","Order Domain","dnd_2014","","Cleric","true","true","true","true","partial","100","READY","subclassExpansion.ts"
"subclass","peace-domain","Peace Domain","dnd_2014","","Cleric","true","true","true","false","partial","80","PARTIAL","subclassExpansion.ts"
"subclass","twilight-domain","Twilight Domain","dnd_2014","","Cleric","true","true","true","true","partial","100","READY","subclassExpansion.ts"
"spell","blade-ward","Blade Ward","mixed","defense","","true","true","true","true","partial","100","READY","spellExpansion.ts"
"spell","dancing-lights","Dancing Lights","mixed","utility","","true","false","true","true","manual","65","PARTIAL","spellExpansion.ts"
"spell","eldritch-blast","Eldritch Blast","mixed","damage","","true","true","true","true","automatic","100","READY","spellExpansion.ts"
"spell","friends","Friends","mixed","utility","","true","false","true","true","manual","65","PARTIAL","spellExpansion.ts"
"spell","message","Message","mixed","utility","","true","false","true","true","manual","65","PARTIAL","spellExpansion.ts"
"spell","true-strike","True Strike","mixed","utility","","true","false","true","true","manual","65","PARTIAL","spellExpansion.ts"
"spell","vicious-mockery","Vicious Mockery","mixed","damage","","true","true","true","true","automatic","100","READY","spellExpansion.ts"
"spell","banishment","Banishment","mixed","control","","true","true","true","true","partial","100","READY","spellExpansion.ts"
"spell","death-ward","Death Ward","mixed","defense","","true","true","true","true","partial","100","READY","spellExpansion.ts"
"spell","freedom-of-movement","Freedom of Movement","mixed","movement","","true","true","true","true","partial","100","READY","spellExpansion.ts"
"spell","guardian-of-faith","Guardian of Faith","mixed","summoning","","true","true","true","true","partial","100","READY","spellExpansion.ts"
"spell","commune","Commune","mixed","utility","","true","false","true","true","manual","65","PARTIAL","spellExpansion.ts"
"spell","dispel-evil-and-good","Dispel Evil and Good","mixed","defense","","true","true","true","true","partial","100","READY","spellExpansion.ts"
"spell","flame-strike","Flame Strike","mixed","damage","","true","true","true","true","automatic","100","READY","spellExpansion.ts"
"spell","hallow","Hallow","mixed","utility","","true","false","true","true","manual","65","PARTIAL","spellExpansion.ts"
"spell","raise-dead","Raise Dead","mixed","healing","","true","true","true","true","automatic","100","READY","spellExpansion.ts"
"spell","blade-barrier","Blade Barrier","mixed","damage","","true","true","true","true","automatic","100","READY","spellExpansion.ts"
"spell","create-undead","Create Undead","mixed","summoning","","true","true","true","true","partial","100","READY","spellExpansion.ts"
"spell","find-the-path","Find the Path","mixed","utility","","true","false","true","true","manual","65","PARTIAL","spellExpansion.ts"
"spell","forbiddance","Forbiddance","mixed","defense","","true","true","true","true","partial","100","READY","spellExpansion.ts"
"spell","harm","Harm","mixed","damage","","true","true","true","true","automatic","100","READY","spellExpansion.ts"
"spell","heal","Heal","mixed","healing","","true","true","true","true","automatic","100","READY","spellExpansion.ts"
"spell","conjure-celestial","Conjure Celestial","mixed","summoning","","true","true","true","true","partial","100","READY","spellExpansion.ts"
"spell","divine-word","Divine Word","mixed","control","","true","true","true","true","partial","100","READY","spellExpansion.ts"
"spell","etherealness","Etherealness","mixed","movement","","true","true","true","true","partial","100","READY","spellExpansion.ts"
"spell","fire-storm","Fire Storm","mixed","damage","","true","true","true","true","automatic","100","READY","spellExpansion.ts"
"spell","plane-shift","Plane Shift","mixed","movement","","true","true","true","true","partial","100","READY","spellExpansion.ts"
"spell","regenerate","Regenerate","mixed","healing","","true","true","true","true","automatic","100","READY","spellExpansion.ts"
"spell","resurrection","Resurrection","mixed","healing","","true","true","true","true","automatic","100","READY","spellExpansion.ts"
"spell","symbol","Symbol","mixed","control","","true","true","true","true","partial","100","READY","spellExpansion.ts"
"spell","antimagic-field","Antimagic Field","mixed","defense","","true","true","true","true","partial","100","READY","spellExpansion.ts"
"spell","control-weather","Control Weather","mixed","utility","","true","false","true","true","manual","65","PARTIAL","spellExpansion.ts"
"spell","earthquake","Earthquake","mixed","damage","","true","true","true","true","automatic","100","READY","spellExpansion.ts"
"spell","holy-aura","Holy Aura","mixed","defense","","true","true","true","true","partial","100","READY","spellExpansion.ts"
"spell","astral-projection","Astral Projection","mixed","movement","","true","true","true","true","partial","100","READY","spellExpansion.ts"
"spell","demiplane","Demiplane","mixed","utility","","true","false","true","true","manual","65","PARTIAL","spellExpansion.ts"
"spell","dominate-monster","Dominate Monster","mixed","control","","true","true","true","true","partial","100","READY","spellExpansion.ts"
"spell","gate","Gate","mixed","movement","","true","true","true","true","partial","100","READY","spellExpansion.ts"
"spell","mass-heal","Mass Heal","mixed","healing","","true","true","true","true","automatic","100","READY","spellExpansion.ts"
"spell","true-resurrection","True Resurrection","mixed","healing","","true","true","true","true","automatic","100","READY","spellExpansion.ts"
"spell","arcane-eye","Arcane Eye","mixed","utility","","true","false","true","true","manual","65","PARTIAL","spellExpansion.ts"
"spell","charm-person","Charm Person","mixed","control","","true","true","true","true","partial","100","READY","spellExpansion.ts"
"spell","commune-with-nature","Commune with Nature","mixed","utility","","true","false","true","true","manual","65","PARTIAL","spellExpansion.ts"
"spell","confusion","Confusion","mixed","control","","true","true","true","true","partial","100","READY","spellExpansion.ts"
"spell","daylight","Daylight","mixed","utility","","true","false","true","true","manual","65","PARTIAL","spellExpansion.ts"
"spell","disguise-self","Disguise Self","mixed","utility","","true","false","true","true","manual","65","PARTIAL","spellExpansion.ts"
"spell","divine-favor","Divine Favor","mixed","damage","","true","true","true","true","automatic","100","READY","spellExpansion.ts"
"spell","dominate-person","Dominate Person","mixed","control","","true","true","true","true","partial","100","READY","spellExpansion.ts"
"spell","ensnaring-strike","Ensnaring Strike","mixed","control","","true","true","true","true","partial","100","READY","spellExpansion.ts"
"spell","hold-monster","Hold Monster","mixed","control","","true","true","true","true","partial","100","READY","spellExpansion.ts"
"spell","ice-storm","Ice Storm","mixed","damage","","true","true","true","true","automatic","100","READY","spellExpansion.ts"
"spell","magic-weapon","Magic Weapon","mixed","utility","","true","false","true","true","manual","65","PARTIAL","spellExpansion.ts"
"spell","modify-memory","Modify Memory","mixed","control","","true","true","true","true","partial","100","READY","spellExpansion.ts"
"spell","moonbeam","Moonbeam","mixed","damage","","true","true","true","true","automatic","100","READY","spellExpansion.ts"
"spell","nondetection","Nondetection","mixed","defense","","true","true","true","true","partial","100","READY","spellExpansion.ts"
"spell","pass-without-trace","Pass without Trace","mixed","utility","","true","false","true","true","manual","65","PARTIAL","spellExpansion.ts"
"spell","plant-growth","Plant Growth","mixed","control","","true","true","true","true","partial","100","READY","spellExpansion.ts"
"spell","protection-from-energy","Protection from Energy","mixed","defense","","true","true","true","true","partial","100","READY","spellExpansion.ts"
"spell","protection-from-evil-and-good","Protection from Evil and Good","mixed","defense","","true","true","true","true","partial","100","READY","spellExpansion.ts"
"spell","sanctuary","Sanctuary","mixed","defense","","true","true","true","true","partial","100","READY","spellExpansion.ts"
"spell","scrying","Scrying","mixed","utility","","true","false","true","true","manual","65","PARTIAL","spellExpansion.ts"
"spell","see-invisibility","See Invisibility","mixed","utility","","true","false","true","true","manual","65","PARTIAL","spellExpansion.ts"
"spell","shield-of-faith","Shield of Faith","mixed","defense","","true","true","true","true","partial","100","READY","spellExpansion.ts"
"spell","speak-with-animals","Speak with Animals","mixed","utility","","true","false","true","true","manual","65","PARTIAL","spellExpansion.ts"
"spell","stoneskin","Stoneskin","mixed","defense","","true","true","true","true","partial","100","READY","spellExpansion.ts"
"spell","tree-stride","Tree Stride","mixed","movement","","true","true","true","true","partial","100","READY","spellExpansion.ts"
"spell","wall-of-fire","Wall of Fire","mixed","damage","","true","true","true","true","automatic","100","READY","spellExpansion.ts"
"spell","zone-of-truth","Zone of Truth","mixed","control","","true","true","true","true","partial","100","READY","spellExpansion.ts"
"spell","animal-friendship","Animal Friendship","mixed","control","","true","true","true","true","partial","100","READY","spellExpansion.ts"
"spell","animate-dead","Animate Dead","mixed","summoning","","true","true","true","true","partial","100","READY","spellExpansion.ts"
"spell","animate-objects","Animate Objects","mixed","summoning","","true","true","true","true","partial","100","READY","spellExpansion.ts"
"spell","antilife-shell","Antilife Shell","mixed","defense","","true","true","true","true","partial","100","READY","spellExpansion.ts"
"spell","augury","Augury","mixed","utility","","true","false","true","true","manual","65","PARTIAL","spellExpansion.ts"
"spell","aura-of-life","Aura of Life","mixed","defense","","true","true","true","true","partial","100","READY","spellExpansion.ts"
"spell","aura-of-purity","Aura of Purity","mixed","defense","","true","true","true","true","partial","100","READY","spellExpansion.ts"
"spell","aura-of-vitality","Aura of Vitality","mixed","healing","","true","true","true","true","automatic","100","READY","spellExpansion.ts"
"spell","bane","Bane","mixed","control","","true","true","true","true","partial","100","READY","spellExpansion.ts"
"spell","barkskin","Barkskin","mixed","defense","","true","true","true","true","partial","100","READY","spellExpansion.ts"
"spell","blight","Blight","mixed","damage","","true","true","true","true","automatic","100","READY","spellExpansion.ts"
"spell","blindness-deafness","Blindness/Deafness","mixed","control","","true","true","true","true","partial","100","READY","spellExpansion.ts"
"spell","blink","Blink","mixed","defense","","true","true","true","true","partial","100","READY","spellExpansion.ts"
"spell","call-lightning","Call Lightning","mixed","damage","","true","true","true","true","automatic","100","READY","spellExpansion.ts"
"spell","circle-of-power","Circle of Power","mixed","defense","","true","true","true","true","partial","100","READY","spellExpansion.ts"
"spell","cloudkill","Cloudkill","mixed","damage","","true","true","true","true","automatic","100","READY","spellExpansion.ts"
"spell","compulsion","Compulsion","mixed","control","","true","true","true","true","partial","100","READY","spellExpansion.ts"
"spell","control-water","Control Water","mixed","control","","true","true","true","true","partial","100","READY","spellExpansion.ts"
"spell","creation","Creation","mixed","utility","","true","false","true","true","manual","65","PARTIAL","spellExpansion.ts"
"spell","destructive-wave","Destructive Wave","mixed","damage","","true","true","true","true","automatic","100","READY","spellExpansion.ts"
"spell","dominate-beast","Dominate Beast","mixed","control","","true","true","true","true","partial","100","READY","spellExpansion.ts"
"spell","elemental-weapon","Elemental Weapon","mixed","damage","","true","true","true","true","automatic","100","READY","spellExpansion.ts"
"spell","fabricate","Fabricate","mixed","utility","","true","false","true","true","manual","65","PARTIAL","spellExpansion.ts"
"spell","false-life","False Life","mixed","defense","","true","true","true","true","partial","100","READY","spellExpansion.ts"
"spell","flaming-sphere","Flaming Sphere","mixed","damage","","true","true","true","true","automatic","100","READY","spellExpansion.ts"
"spell","fog-cloud","Fog Cloud","mixed","control","","true","true","true","true","partial","100","READY","spellExpansion.ts"
"spell","gentle-repose","Gentle Repose","mixed","utility","","true","false","true","true","manual","65","PARTIAL","spellExpansion.ts"
"spell","grasping-vine","Grasping Vine","mixed","control","","true","true","true","true","partial","100","READY","spellExpansion.ts"
"spell","greater-invisibility","Greater Invisibility","mixed","defense","","true","true","true","true","partial","100","READY","spellExpansion.ts"
"spell","gust-of-wind","Gust of Wind","mixed","control","","true","true","true","true","partial","100","READY","spellExpansion.ts"
"spell","heat-metal","Heat Metal","mixed","damage","","true","true","true","true","automatic","100","READY","spellExpansion.ts"
"spell","heroism","Heroism","mixed","defense","","true","true","true","true","partial","100","READY","spellExpansion.ts"
"spell","identify","Identify","mixed","utility","","true","false","true","true","manual","65","PARTIAL","spellExpansion.ts"
"spell","insect-plague","Insect Plague","mixed","damage","","true","true","true","true","automatic","100","READY","spellExpansion.ts"
"spell","legend-lore","Legend Lore","mixed","utility","","true","false","true","true","manual","65","PARTIAL","spellExpansion.ts"
"spell","locate-creature","Locate Creature","mixed","utility","","true","false","true","true","manual","65","PARTIAL","spellExpansion.ts"
"spell","magic-circle","Magic Circle","mixed","defense","","true","true","true","true","partial","100","READY","spellExpansion.ts"
"spell","mass-healing-word","Mass Healing Word","mixed","healing","","true","true","true","true","automatic","100","READY","spellExpansion.ts"
"spell","mislead","Mislead","mixed","utility","","true","false","true","true","manual","65","PARTIAL","spellExpansion.ts"
"spell","planar-binding","Planar Binding","mixed","control","","true","true","true","true","partial","100","READY","spellExpansion.ts"
"spell","ray-of-enfeeblement","Ray of Enfeeblement","mixed","control","","true","true","true","true","partial","100","READY","spellExpansion.ts"
"spell","ray-of-sickness","Ray of Sickness","mixed","damage","","true","true","true","true","automatic","100","READY","spellExpansion.ts"
"spell","searing-smite","Searing Smite","mixed","damage","","true","true","true","true","automatic","100","READY","spellExpansion.ts"
"spell","sending","Sending","mixed","utility","","true","false","true","true","manual","65","PARTIAL","spellExpansion.ts"
"spell","shatter","Shatter","mixed","damage","","true","true","true","true","automatic","100","READY","spellExpansion.ts"
"spell","sleet-storm","Sleet Storm","mixed","control","","true","true","true","true","partial","100","READY","spellExpansion.ts"
"spell","slow","Slow","mixed","control","","true","true","true","true","partial","100","READY","spellExpansion.ts"
"spell","speak-with-dead","Speak with Dead","mixed","utility","","true","false","true","true","manual","65","PARTIAL","spellExpansion.ts"
"spell","spike-growth","Spike Growth","mixed","damage","","true","true","true","true","automatic","100","READY","spellExpansion.ts"
"spell","suggestion","Suggestion","mixed","control","","true","true","true","true","partial","100","READY","spellExpansion.ts"
"spell","teleportation-circle","Teleportation Circle","mixed","movement","","true","true","true","true","partial","100","READY","spellExpansion.ts"
"spell","vampiric-touch","Vampiric Touch","mixed","healing","","true","true","true","true","automatic","100","READY","spellExpansion.ts"
"spell","warding-bond","Warding Bond","mixed","defense","","true","true","true","true","partial","100","READY","spellExpansion.ts"
"spell","wind-wall","Wind Wall","mixed","control","","true","true","true","true","partial","100","READY","spellExpansion.ts"
"spell","arcane-gate","Arcane Gate","mixed","movement","","true","true","true","true","partial","100","READY","spellExpansion.ts"
"spell","chain-lightning","Chain Lightning","mixed","damage","","true","true","true","true","automatic","100","READY","spellExpansion.ts"
"spell","circle-of-death","Circle of Death","mixed","damage","","true","true","true","true","automatic","100","READY","spellExpansion.ts"
"spell","contingency","Contingency","mixed","utility","","true","false","true","true","manual","65","PARTIAL","spellExpansion.ts"
"spell","eyebite","Eyebite","mixed","control","","true","true","true","true","partial","100","READY","spellExpansion.ts"
"spell","flesh-to-stone","Flesh to Stone","mixed","control","","true","true","true","true","partial","100","READY","spellExpansion.ts"
"spell","globe-of-invulnerability","Globe of Invulnerability","mixed","defense","","true","true","true","true","partial","100","READY","spellExpansion.ts"
"spell","mass-suggestion","Mass Suggestion","mixed","control","","true","true","true","true","partial","100","READY","spellExpansion.ts"
"spell","move-earth","Move Earth","mixed","utility","","true","false","true","true","manual","65","PARTIAL","spellExpansion.ts"
"spell","sunbeam","Sunbeam","mixed","damage","","true","true","true","true","automatic","100","READY","spellExpansion.ts"
"spell","transport-via-plants","Transport via Plants","mixed","movement","","true","true","true","true","partial","100","READY","spellExpansion.ts"
"spell","true-seeing","True Seeing","mixed","utility","","true","false","true","true","manual","65","PARTIAL","spellExpansion.ts"
"spell","wall-of-ice","Wall of Ice","mixed","damage","","true","true","true","true","automatic","100","READY","spellExpansion.ts"
"spell","wind-walk","Wind Walk","mixed","movement","","true","true","true","true","partial","100","READY","spellExpansion.ts"
"spell","alarm","Alarm","mixed","utility","","true","false","true","true","manual","65","PARTIAL","spellExpansion.ts"
"spell","armor-of-agathys","Armor of Agathys","mixed","defense","","true","true","true","true","partial","100","READY","spellExpansion.ts"
"spell","arms-of-hadar","Arms of Hadar","mixed","damage","","true","true","true","true","automatic","100","READY","spellExpansion.ts"
"spell","color-spray","Color Spray","mixed","control","","true","true","true","true","partial","100","READY","spellExpansion.ts"
"spell","comprehend-languages","Comprehend Languages","mixed","utility","","true","false","true","true","manual","65","PARTIAL","spellExpansion.ts"
"spell","create-or-destroy-water","Create or Destroy Water","mixed","utility","","true","false","true","true","manual","65","PARTIAL","spellExpansion.ts"
"spell","entangle","Entangle","mixed","control","","true","true","true","true","partial","100","READY","spellExpansion.ts"
"spell","expeditious-retreat","Expeditious Retreat","mixed","movement","","true","true","true","true","partial","100","READY","spellExpansion.ts"
"spell","find-familiar","Find Familiar","mixed","summoning","","true","true","true","true","partial","100","READY","spellExpansion.ts"
"spell","goodberry","Goodberry","mixed","healing","","true","true","true","true","automatic","100","READY","spellExpansion.ts"
"spell","grease","Grease","mixed","control","","true","true","true","true","partial","100","READY","spellExpansion.ts"
"spell","hellish-rebuke","Hellish Rebuke","mixed","damage","","true","true","true","true","automatic","100","READY","spellExpansion.ts"
"spell","hex","Hex","mixed","damage","","true","true","true","true","automatic","100","READY","spellExpansion.ts"
"spell","jump","Jump","mixed","movement","","true","true","true","true","partial","100","READY","spellExpansion.ts"
"spell","longstrider","Longstrider","mixed","movement","","true","true","true","true","partial","100","READY","spellExpansion.ts"
"spell","silent-image","Silent Image","mixed","utility","","true","false","true","true","manual","65","PARTIAL","spellExpansion.ts"
"spell","hideous-laughter","Hideous Laughter","mixed","control","","true","true","true","true","partial","100","READY","spellExpansion.ts"
"spell","floating-disk","Floating Disk","mixed","utility","","true","false","true","true","manual","65","PARTIAL","spellExpansion.ts"
"spell","unseen-servant","Unseen Servant","mixed","summoning","","true","true","true","true","partial","100","READY","spellExpansion.ts"
"spell","alter-self","Alter Self","mixed","utility","","true","false","true","true","manual","65","PARTIAL","spellExpansion.ts"
"spell","arcane-lock","Arcane Lock","mixed","utility","","true","false","true","true","manual","65","PARTIAL","spellExpansion.ts"
"spell","blur","Blur","mixed","defense","","true","true","true","true","partial","100","READY","spellExpansion.ts"
"spell","branding-smite","Branding Smite","mixed","damage","","true","true","true","true","automatic","100","READY","spellExpansion.ts"
"spell","calm-emotions","Calm Emotions","mixed","control","","true","true","true","true","partial","100","READY","spellExpansion.ts"
"spell","cloud-of-daggers","Cloud of Daggers","mixed","damage","","true","true","true","true","automatic","100","READY","spellExpansion.ts"
"spell","continual-flame","Continual Flame","mixed","utility","","true","false","true","true","manual","65","PARTIAL","spellExpansion.ts"
"spell","darkness","Darkness","mixed","control","","true","true","true","true","partial","100","READY","spellExpansion.ts"
"spell","darkvision","Darkvision","mixed","utility","","true","false","true","true","manual","65","PARTIAL","spellExpansion.ts"
"spell","detect-thoughts","Detect Thoughts","mixed","utility","","true","false","true","true","manual","65","PARTIAL","spellExpansion.ts"
"spell","enhance-ability","Enhance Ability","mixed","utility","","true","false","true","true","manual","65","PARTIAL","spellExpansion.ts"
"spell","enlarge-reduce","Enlarge/Reduce","mixed","utility","","true","false","true","true","manual","65","PARTIAL","spellExpansion.ts"
"spell","summon-beast","Summon Beast","mixed","summoning","","true","true","true","true","partial","100","READY","spellExpansion.ts"
"spell","find-steed","Find Steed","mixed","summoning","","true","true","true","true","partial","100","READY","spellExpansion.ts"
"spell","knock","Knock","mixed","utility","","true","false","true","true","manual","65","PARTIAL","spellExpansion.ts"
"spell","levitate","Levitate","mixed","movement","","true","true","true","true","partial","100","READY","spellExpansion.ts"
"spell","locate-object","Locate Object","mixed","utility","","true","false","true","true","manual","65","PARTIAL","spellExpansion.ts"
"spell","protection-from-poison","Protection from Poison","mixed","defense","","true","true","true","true","partial","100","READY","spellExpansion.ts"
"spell","silence","Silence","mixed","control","","true","true","true","true","partial","100","READY","spellExpansion.ts"
"spell","conjure-animals","Conjure Animals","mixed","summoning","","true","true","true","true","partial","100","READY","spellExpansion.ts"
"spell","water-breathing","Water Breathing","mixed","utility","","true","false","true","true","manual","65","PARTIAL","spellExpansion.ts"
"spell","bestow-curse","Bestow Curse","mixed","control","","true","true","true","true","partial","100","READY","spellExpansion.ts"
"spell","clairvoyance","Clairvoyance","mixed","utility","","true","false","true","true","manual","65","PARTIAL","spellExpansion.ts"
"spell","conjure-barrage","Conjure Barrage","mixed","damage","","true","true","true","true","automatic","100","READY","spellExpansion.ts"
"spell","create-food-and-water","Create Food and Water","mixed","utility","","true","false","true","true","manual","65","PARTIAL","spellExpansion.ts"
"spell","fear","Fear","mixed","control","","true","true","true","true","partial","100","READY","spellExpansion.ts"
"spell","feign-death","Feign Death","mixed","utility","","true","false","true","true","manual","65","PARTIAL","spellExpansion.ts"
"spell","glyph-of-warding","Glyph of Warding","mixed","damage","","true","true","true","true","automatic","100","READY","spellExpansion.ts"
"spell","major-image","Major Image","mixed","utility","","true","false","true","true","manual","65","PARTIAL","spellExpansion.ts"
"spell","meld-into-stone","Meld into Stone","mixed","utility","","true","false","true","true","manual","65","PARTIAL","spellExpansion.ts"
"spell","remove-curse","Remove Curse","mixed","utility","","true","false","true","true","manual","65","PARTIAL","spellExpansion.ts"
"spell","stinking-cloud","Stinking Cloud","mixed","control","","true","true","true","true","partial","100","READY","spellExpansion.ts"
"spell","tongues","Tongues","mixed","utility","","true","false","true","true","manual","65","PARTIAL","spellExpansion.ts"
"spell","black-tentacles","Black Tentacles","mixed","control","","true","true","true","true","partial","100","READY","spellExpansion.ts"
"spell","conjure-minor-elementals","Conjure Minor Elementals","mixed","summoning","","true","true","true","true","partial","100","READY","spellExpansion.ts"
"spell","conjure-woodland-beings","Conjure Woodland Beings","mixed","summoning","","true","true","true","true","partial","100","READY","spellExpansion.ts"
"spell","divination","Divination","mixed","utility","","true","false","true","true","manual","65","PARTIAL","spellExpansion.ts"
"spell","fire-shield","Fire Shield","mixed","defense","","true","true","true","true","partial","100","READY","spellExpansion.ts"
"spell","giant-insect","Giant Insect","mixed","summoning","","true","true","true","true","partial","100","READY","spellExpansion.ts"
"spell","hallucinatory-terrain","Hallucinatory Terrain","mixed","utility","","true","false","true","true","manual","65","PARTIAL","spellExpansion.ts"
"spell","phantasmal-killer","Phantasmal Killer","mixed","damage","","true","true","true","true","automatic","100","READY","spellExpansion.ts"
"spell","private-sanctum","Private Sanctum","mixed","defense","","true","true","true","true","partial","100","READY","spellExpansion.ts"
"spell","stone-shape","Stone Shape","mixed","utility","","true","false","true","true","manual","65","PARTIAL","spellExpansion.ts"
"spell","faithful-hound","Faithful Hound","mixed","defense","","true","true","true","true","partial","100","READY","spellExpansion.ts"
"spell","conjure-volley","Conjure Volley","mixed","damage","","true","true","true","true","automatic","100","READY","spellExpansion.ts"
"spell","swift-quiver","Swift Quiver","mixed","damage","","true","true","true","true","automatic","100","READY","spellExpansion.ts"
"spell","awaken","Awaken","mixed","utility","","true","false","true","true","manual","65","PARTIAL","spellExpansion.ts"
"spell","banishing-smite","Banishing Smite","mixed","damage","","true","true","true","true","automatic","100","READY","spellExpansion.ts"
"spell","arcane-hand","Arcane Hand","mixed","utility","","true","false","true","true","manual","65","PARTIAL","spellExpansion.ts"
"spell","cone-of-cold","Cone of Cold","mixed","damage","","true","true","true","true","automatic","100","READY","spellExpansion.ts"
"spell","conjure-elemental","Conjure Elemental","mixed","summoning","","true","true","true","true","partial","100","READY","spellExpansion.ts"
"spell","contact-other-plane","Contact Other Plane","mixed","utility","","true","false","true","true","manual","65","PARTIAL","spellExpansion.ts"
"spell","contagion","Contagion","mixed","control","","true","true","true","true","partial","100","READY","spellExpansion.ts"
"spell","dream","Dream","mixed","utility","","true","false","true","true","manual","65","PARTIAL","spellExpansion.ts"
"spell","geas","Geas","mixed","control","","true","true","true","true","partial","100","READY","spellExpansion.ts"
"spell","passwall","Passwall","mixed","movement","","true","true","true","true","partial","100","READY","spellExpansion.ts"
"spell","reincarnate","Reincarnate","mixed","healing","","true","true","true","true","automatic","100","READY","spellExpansion.ts"
"spell","seeming","Seeming","mixed","utility","","true","false","true","true","manual","65","PARTIAL","spellExpansion.ts"
"spell","telekinesis","Telekinesis","mixed","control","","true","true","true","true","partial","100","READY","spellExpansion.ts"
"spell","wall-of-force","Wall of Force","mixed","control","","true","true","true","true","partial","100","READY","spellExpansion.ts"
"spell","wall-of-stone","Wall of Stone","mixed","control","","true","true","true","true","partial","100","READY","spellExpansion.ts"
"spell","detect-evil-and-good","Detect Evil and Good","mixed","utility","","true","false","true","true","manual","65","PARTIAL","spellExpansion.ts"
"spell","detect-poison-and-disease","Detect Poison and Disease","mixed","utility","","true","false","true","true","manual","65","PARTIAL","spellExpansion.ts"
"spell","illusory-script","Illusory Script","mixed","utility","","true","false","true","true","manual","65","PARTIAL","spellExpansion.ts"
"spell","purify-food-and-drink","Purify Food and Drink","mixed","utility","","true","false","true","true","manual","65","PARTIAL","spellExpansion.ts"
"spell","witch-bolt","Witch Bolt","mixed","damage","","true","true","true","true","automatic","100","READY","spellExpansion.ts"
"spell","wrathful-smite","Wrathful Smite","mixed","damage","","true","true","true","true","automatic","100","READY","spellExpansion.ts"
"spell","acid-arrow","Acid Arrow","mixed","damage","","true","true","true","true","automatic","100","READY","spellExpansion.ts"
"spell","crown-of-madness","Crown of Madness","mixed","control","","true","true","true","true","partial","100","READY","spellExpansion.ts"
"spell","magic-mouth","Magic Mouth","mixed","utility","","true","false","true","true","manual","65","PARTIAL","spellExpansion.ts"
"spell","phantasmal-force","Phantasmal Force","mixed","control","","true","true","true","true","partial","100","READY","spellExpansion.ts"
"spell","rope-trick","Rope Trick","mixed","utility","","true","false","true","true","manual","65","PARTIAL","spellExpansion.ts"
"spell","spider-climb","Spider Climb","mixed","movement","","true","true","true","true","partial","100","READY","spellExpansion.ts"
"spell","gaseous-form","Gaseous Form","mixed","movement","","true","true","true","true","partial","100","READY","spellExpansion.ts"
"spell","phantom-steed","Phantom Steed","mixed","summoning","","true","true","true","true","partial","100","READY","spellExpansion.ts"
"spell","freezing-sphere","Freezing Sphere","mixed","damage","","true","true","true","true","automatic","100","READY","spellExpansion.ts"
"spell","guards-and-wards","Guards and Wards","mixed","defense","","true","true","true","true","partial","100","READY","spellExpansion.ts"
"spell","irresistible-dance","Irresistible Dance","mixed","control","","true","true","true","true","partial","100","READY","spellExpansion.ts"
"spell","magic-jar","Magic Jar","mixed","control","","true","true","true","true","partial","100","READY","spellExpansion.ts"
"spell","programmed-illusion","Programmed Illusion","mixed","utility","","true","false","true","true","manual","65","PARTIAL","spellExpansion.ts"
"spell","word-of-recall","Word of Recall","mixed","movement","","true","true","true","true","partial","100","READY","spellExpansion.ts"
"spell","arcane-sword","Arcane Sword","mixed","damage","","true","true","true","true","automatic","100","READY","spellExpansion.ts"
"spell","glibness","Glibness","mixed","utility","","true","false","true","true","manual","65","PARTIAL","spellExpansion.ts"
"spell","power-word-stun","Power Word Stun","mixed","control","","true","true","true","true","partial","100","READY","spellExpansion.ts"
"spell","telepathy","Telepathy","mixed","utility","","true","false","true","true","manual","65","PARTIAL","spellExpansion.ts"
"spell","tsunami","Tsunami","mixed","damage","","true","true","true","true","automatic","100","READY","spellExpansion.ts"
"spell","time-stop","Time Stop","mixed","utility","","true","false","true","true","manual","65","PARTIAL","spellExpansion.ts"
"spell","weird","Weird","mixed","damage","","true","true","true","true","automatic","100","READY","spellExpansion.ts"
"spell","delayed-blast-fireball","Delayed Blast Fireball","mixed","damage","","true","true","true","true","automatic","100","READY","spellExpansion.ts"
"spell","finger-of-death","Finger of Death","mixed","damage","","true","true","true","true","automatic","100","READY","spellExpansion.ts"
"spell","forcecage","Forcecage","mixed","control","","true","true","true","true","partial","100","READY","spellExpansion.ts"
"spell","mirage-arcane","Mirage Arcane","mixed","utility","","true","false","true","true","manual","65","PARTIAL","spellExpansion.ts"
"spell","prismatic-spray","Prismatic Spray","mixed","damage","","true","true","true","true","automatic","100","READY","spellExpansion.ts"
"spell","project-image","Project Image","mixed","utility","","true","false","true","true","manual","65","PARTIAL","spellExpansion.ts"
"spell","reverse-gravity","Reverse Gravity","mixed","control","","true","true","true","true","partial","100","READY","spellExpansion.ts"
"spell","sequester","Sequester","mixed","utility","","true","false","true","true","manual","65","PARTIAL","spellExpansion.ts"
"spell","simulacrum","Simulacrum","mixed","summoning","","true","true","true","true","partial","100","READY","spellExpansion.ts"
"spell","teleport","Teleport","mixed","movement","","true","true","true","true","partial","100","READY","spellExpansion.ts"
"spell","animal-shapes","Animal Shapes","mixed","utility","","true","false","true","true","manual","65","PARTIAL","spellExpansion.ts"
"spell","antipathy-sympathy","Antipathy/Sympathy","mixed","control","","true","true","true","true","partial","100","READY","spellExpansion.ts"
"spell","clone","Clone","mixed","utility","","true","false","true","true","manual","65","PARTIAL","spellExpansion.ts"
"spell","feeblemind","Feeblemind","mixed","damage","","true","true","true","true","automatic","100","READY","spellExpansion.ts"
"spell","incendiary-cloud","Incendiary Cloud","mixed","damage","","true","true","true","true","automatic","100","READY","spellExpansion.ts"
"spell","maze","Maze","mixed","control","","true","true","true","true","partial","100","READY","spellExpansion.ts"
"spell","mind-blank","Mind Blank","mixed","defense","","true","true","true","true","partial","100","READY","spellExpansion.ts"
"spell","sunburst","Sunburst","mixed","damage","","true","true","true","true","automatic","100","READY","spellExpansion.ts"
"spell","foresight","Foresight","mixed","defense","","true","true","true","true","partial","100","READY","spellExpansion.ts"
"spell","imprisonment","Imprisonment","mixed","control","","true","true","true","true","partial","100","READY","spellExpansion.ts"
"spell","meteor-swarm","Meteor Swarm","mixed","damage","","true","true","true","true","automatic","100","READY","spellExpansion.ts"
"spell","power-word-kill","Power Word Kill","mixed","damage","","true","true","true","true","automatic","100","READY","spellExpansion.ts"
"spell","prismatic-wall","Prismatic Wall","mixed","control","","true","true","true","true","partial","100","READY","spellExpansion.ts"
"spell","shapechange","Shapechange","mixed","utility","","true","false","true","true","manual","65","PARTIAL","spellExpansion.ts"
"spell","storm-of-vengeance","Storm of Vengeance","mixed","damage","","true","true","true","true","automatic","100","READY","spellExpansion.ts"
"spell","wish","Wish","mixed","utility","","true","false","true","true","manual","65","PARTIAL","spellExpansion.ts"
"feat","actor","Actor","mixed","","","true","true","true","true","partial","100","READY","featExpansion.ts"
"feat","charger","Charger","mixed","","","true","true","true","true","partial","100","READY","featExpansion.ts"
"feat","crossbow-expert","Crossbow Expert","mixed","","","true","true","true","true","partial","100","READY","featExpansion.ts"
"feat","defensive-duelist","Defensive Duelist","mixed","","","true","true","true","true","partial","100","READY","featExpansion.ts"
"feat","dual-wielder","Dual Wielder","mixed","","","true","true","true","true","partial","100","READY","featExpansion.ts"
"feat","dungeon-delver","Dungeon Delver","mixed","","","true","true","true","false","partial","80","PARTIAL","featExpansion.ts"
"feat","elemental-adept","Elemental Adept","mixed","","","true","true","true","true","partial","100","READY","featExpansion.ts"
"feat","great-weapon-master","Great Weapon Master","mixed","","","true","true","true","false","partial","80","PARTIAL","featExpansion.ts"
"feat","inspiring-leader","Inspiring Leader","mixed","","","true","true","true","true","partial","100","READY","featExpansion.ts"
"feat","keen-mind","Keen Mind","mixed","","","true","true","true","false","partial","80","PARTIAL","featExpansion.ts"
"feat","lightly-armored","Lightly Armored","mixed","","","true","true","true","false","partial","80","PARTIAL","featExpansion.ts"
"feat","mage-slayer","Mage Slayer","mixed","","","true","true","true","true","partial","100","READY","featExpansion.ts"
"feat","martial-adept","Martial Adept","mixed","","","true","true","true","false","partial","80","PARTIAL","featExpansion.ts"
"feat","medium-armor-master","Medium Armor Master","mixed","","","true","true","true","true","partial","100","READY","featExpansion.ts"
"feat","observant","Observant","mixed","","","true","true","true","true","partial","100","READY","featExpansion.ts"
"feat","polearm-master","Polearm Master","mixed","","","true","true","true","false","partial","80","PARTIAL","featExpansion.ts"
"feat","resilient","Resilient","mixed","","","true","true","true","true","partial","100","READY","featExpansion.ts"
"feat","ritual-caster","Ritual Caster","mixed","","","true","true","true","true","partial","100","READY","featExpansion.ts"
"feat","sharpshooter","Sharpshooter","mixed","","","true","true","true","false","partial","80","PARTIAL","featExpansion.ts"
"feat","shield-master","Shield Master","mixed","","","true","true","true","false","partial","80","PARTIAL","featExpansion.ts"
"feat","skulker","Skulker","mixed","","","true","true","true","false","partial","80","PARTIAL","featExpansion.ts"
"feat","spell-sniper","Spell Sniper","mixed","","","true","true","true","true","partial","100","READY","featExpansion.ts"
"feat","weapon-master","Weapon Master","mixed","","","true","true","true","true","partial","100","READY","featExpansion.ts"
"feat","actor-2024","Actor","dnd_2024","","","true","true","true","true","partial","100","READY","featExpansion.ts"
"feat","crossbow-expert-2024","Crossbow Expert","dnd_2024","","","true","true","true","true","partial","100","READY","featExpansion.ts"
"feat","dual-wielder-2024","Dual Wielder","dnd_2024","","","true","true","true","true","partial","100","READY","featExpansion.ts"
"feat","elemental-adept-2024","Elemental Adept","dnd_2024","","","true","true","true","true","partial","100","READY","featExpansion.ts"
"feat","fey-touched-2024","Fey-Touched","dnd_2024","","","true","true","true","true","partial","100","READY","featExpansion.ts"
"feat","inspiring-leader-2024","Inspiring Leader","dnd_2024","","","true","true","true","true","partial","100","READY","featExpansion.ts"
"feat","mage-slayer-2024","Mage Slayer","dnd_2024","","","true","true","true","true","partial","100","READY","featExpansion.ts"
"feat","piercer-2024","Piercer","dnd_2024","","","true","true","true","true","partial","100","READY","featExpansion.ts"
"feat","polearm-master-2024","Polearm Master","dnd_2024","","","true","true","true","false","partial","80","PARTIAL","featExpansion.ts"
"feat","resilient-2024","Resilient","dnd_2024","","","true","true","true","true","partial","100","READY","featExpansion.ts"
"feat","sentinel-2024","Sentinel","dnd_2024","","","true","true","true","false","partial","80","PARTIAL","featExpansion.ts"
"feat","sharpshooter-2024","Sharpshooter","dnd_2024","","","true","true","true","false","partial","80","PARTIAL","featExpansion.ts"
"feat","skill-expert-2024","Skill Expert","dnd_2024","","","true","true","true","false","partial","80","PARTIAL","featExpansion.ts"
"feat","slasher-2024","Slasher","dnd_2024","","","true","true","true","true","partial","100","READY","featExpansion.ts"
"feat","telekinetic-2024","Telekinetic","dnd_2024","","","true","true","true","true","partial","100","READY","featExpansion.ts"
"item","arrows-20","Arrows (20)","mixed","","","true","true","true","true","partial","100","READY","itemExpansion.ts"
"item","crossbow-bolts-20","Crossbow Bolts (20)","mixed","","","true","true","true","true","partial","100","READY","itemExpansion.ts"
"item","blowgun-needles-50","Blowgun Needles (50)","mixed","","","true","true","true","true","partial","100","READY","itemExpansion.ts"
"item","thieves-tools","Thieves","mixed","","","true","true","true","true","automatic","100","READY","itemExpansion.ts"
"item","herbalism-kit","Herbalism Kit","mixed","","","true","true","true","true","automatic","100","READY","itemExpansion.ts"
"item","disguise-kit","Disguise Kit","mixed","","","true","true","true","true","automatic","100","READY","itemExpansion.ts"
"item","poisoners-kit","Poisoner","mixed","","","true","true","true","true","automatic","100","READY","itemExpansion.ts"
"item","navigators-tools","Navigator","mixed","","","true","true","true","true","automatic","100","READY","itemExpansion.ts"
"item","backpack","Backpack","mixed","","","true","true","true","true","automatic","100","READY","itemExpansion.ts"
"item","bedroll","Bedroll","mixed","","","true","true","true","true","automatic","100","READY","itemExpansion.ts"
"item","crowbar","Crowbar","mixed","","","true","true","true","true","automatic","100","READY","itemExpansion.ts"
"item","tinderbox","Tinderbox","mixed","","","true","true","true","true","automatic","100","READY","itemExpansion.ts"
"item","waterskin","Waterskin","mixed","","","true","true","true","true","automatic","100","READY","itemExpansion.ts"
"item","potion-greater-healing","Potion of Greater Healing","mixed","","","true","true","true","true","partial","100","READY","itemExpansion.ts"
"item","bag-of-holding","Bag of Holding","mixed","","","true","true","true","true","automatic","100","READY","itemExpansion.ts"
"item","boots-of-elvenkind","Boots of Elvenkind","mixed","","","true","true","true","true","automatic","100","READY","itemExpansion.ts"
"item","cloak-of-protection","Cloak of Protection","mixed","","","true","true","true","true","partial","100","READY","itemExpansion.ts"
"item","ring-of-protection","Ring of Protection","mixed","","","true","true","true","true","partial","100","READY","itemExpansion.ts"
"item","pearl-of-power","Pearl of Power","mixed","","","true","true","true","true","partial","100","READY","itemExpansion.ts"
"item","wand-of-magic-detection","Wand of Magic Detection","mixed","","","true","true","true","true","partial","100","READY","itemExpansion.ts"
"item","wand-of-magic-missiles","Wand of Magic Missiles","mixed","","","true","true","true","true","partial","100","READY","itemExpansion.ts"
"item","staff-of-healing","Staff of Healing","mixed","","","true","true","true","true","partial","100","READY","itemExpansion.ts"
"item","longsword-plus-1","Longsword +1","mixed","","","true","true","true","true","automatic","100","READY","itemExpansion.ts"
"item","potion-superior-healing","Potion of Superior Healing","mixed","","","true","true","true","true","partial","100","READY","itemExpansion.ts"
"item","potion-climbing","Potion of Climbing","mixed","","","true","true","true","true","partial","100","READY","itemExpansion.ts"
"item","dust-of-disappearance","Dust of Disappearance","mixed","","","true","true","true","true","partial","100","READY","itemExpansion.ts"
"item","eyes-of-charming","Eyes of Charming","mixed","","","true","true","true","true","partial","100","READY","itemExpansion.ts"
"item","gem-of-brightness","Gem of Brightness","mixed","","","true","true","true","true","partial","100","READY","itemExpansion.ts"
"item","ring-of-swimming","Ring of Swimming","mixed","","","true","true","true","true","automatic","100","READY","itemExpansion.ts"
"item","shield-plus-1","Shield +1","mixed","","","true","true","true","true","automatic","100","READY","itemExpansion.ts"
"item","chain-mail-plus-1","Chain Mail +1","mixed","","","true","true","true","true","automatic","100","READY","itemExpansion.ts"
"item","dagger-plus-1","Dagger +1","mixed","","","true","true","true","true","automatic","100","READY","itemExpansion.ts"
"item","longbow-plus-1","Longbow +1","mixed","","","true","true","true","true","automatic","100","READY","itemExpansion.ts"
"item","wand-of-web","Wand of Web","mixed","","","true","true","true","true","partial","100","READY","itemExpansion.ts"
"item","wand-of-fireballs","Wand of Fireballs","mixed","","","true","true","true","true","partial","100","READY","itemExpansion.ts"
"item","wand-of-lightning-bolts","Wand of Lightning Bolts","mixed","","","true","true","true","true","partial","100","READY","itemExpansion.ts"
"item","wand-of-fear","Wand of Fear","mixed","","","true","true","true","true","partial","100","READY","itemExpansion.ts"
"item","wand-of-paralysis","Wand of Paralysis","mixed","","","true","true","true","true","partial","100","READY","itemExpansion.ts"
"item","wand-of-polymorph","Wand of Polymorph","mixed","","","true","true","true","true","partial","100","READY","itemExpansion.ts"
"item","scroll-detect-magic","Spell Scroll: Detect Magic","mixed","","","true","true","true","true","partial","100","READY","itemExpansion.ts"
"item","scroll-cure-wounds","Spell Scroll: Cure Wounds","mixed","","","true","true","true","true","partial","100","READY","itemExpansion.ts"
"item","scroll-shield","Spell Scroll: Shield","mixed","","","true","true","true","true","partial","100","READY","itemExpansion.ts"
"item","scroll-invisibility","Spell Scroll: Invisibility","mixed","","","true","true","true","true","partial","100","READY","itemExpansion.ts"
"item","scroll-lesser-restoration","Spell Scroll: Lesser Restoration","mixed","","","true","true","true","true","partial","100","READY","itemExpansion.ts"
"item","scroll-fireball","Spell Scroll: Fireball","mixed","","","true","true","true","true","partial","100","READY","itemExpansion.ts"
"item","scroll-revivify","Spell Scroll: Revivify","mixed","","","true","true","true","true","partial","100","READY","itemExpansion.ts"
"item","scroll-polymorph","Spell Scroll: Polymorph","mixed","","","true","true","true","true","partial","100","READY","itemExpansion.ts"
"item","scroll-greater-restoration","Spell Scroll: Greater Restoration","mixed","","","true","true","true","true","partial","100","READY","itemExpansion.ts"
"item","scroll-raise-dead","Spell Scroll: Raise Dead","mixed","","","true","true","true","true","partial","100","READY","itemExpansion.ts"
"item","potion-speed","Potion of Speed","mixed","","","true","true","true","true","partial","100","READY","itemExpansion.ts"
"item","potion-flying","Potion of Flying","mixed","","","true","true","true","true","partial","100","READY","itemExpansion.ts"
"item","potion-invisibility","Potion of Invisibility","mixed","","","true","true","true","true","partial","100","READY","itemExpansion.ts"
"item","potion-resistance","Potion of Resistance","mixed","","","true","true","true","true","partial","100","READY","itemExpansion.ts"
"item","potion-heroism","Potion of Heroism","mixed","","","true","true","true","true","partial","100","READY","itemExpansion.ts"
"item","potion-growth","Potion of Growth","mixed","","","true","true","true","true","partial","100","READY","itemExpansion.ts"
"item","potion-diminution","Potion of Diminution","mixed","","","true","true","true","true","partial","100","READY","itemExpansion.ts"
"item","potion-water-breathing","Potion of Water Breathing","mixed","","","true","true","true","true","partial","100","READY","itemExpansion.ts"
"item","potion-gaseous-form","Potion of Gaseous Form","mixed","","","true","true","true","true","partial","100","READY","itemExpansion.ts"
"item","potion-mind-reading","Potion of Mind Reading","mixed","","","true","true","true","true","partial","100","READY","itemExpansion.ts"
"item","flame-tongue-longsword","Flame Tongue Longsword","mixed","","","true","true","true","true","partial","100","READY","itemExpansion.ts"
"item","frost-brand-greatsword","Frost Brand Greatsword","mixed","","","true","true","true","true","partial","100","READY","itemExpansion.ts"
"item","dragon-slayer-longsword","Dragon Slayer Longsword","mixed","","","true","true","true","true","automatic","100","READY","itemExpansion.ts"
"item","giant-slayer-greataxe","Giant Slayer Greataxe","mixed","","","true","true","true","true","automatic","100","READY","itemExpansion.ts"
"item","mace-of-disruption","Mace of Disruption","mixed","","","true","true","true","true","partial","100","READY","itemExpansion.ts"
"item","sun-blade","Sun Blade","mixed","","","true","true","true","true","partial","100","READY","itemExpansion.ts"
"item","vicious-longsword","Vicious Longsword","mixed","","","true","true","true","true","automatic","100","READY","itemExpansion.ts"
"item","longsword-plus-2","Longsword +2","mixed","","","true","true","true","true","automatic","100","READY","itemExpansion.ts"
"item","longsword-plus-3","Longsword +3","mixed","","","true","true","true","true","automatic","100","READY","itemExpansion.ts"
"item","longbow-plus-2","Longbow +2","mixed","","","true","true","true","true","automatic","100","READY","itemExpansion.ts"
"item","plate-plus-1","Plate Armor +1","mixed","","","true","true","true","true","automatic","100","READY","itemExpansion.ts"
"item","plate-plus-2","Plate Armor +2","mixed","","","true","true","true","true","automatic","100","READY","itemExpansion.ts"
"item","plate-plus-3","Plate Armor +3","mixed","","","true","true","true","true","automatic","100","READY","itemExpansion.ts"
"item","shield-plus-2","Shield +2","mixed","","","true","true","true","true","automatic","100","READY","itemExpansion.ts"
"item","shield-plus-3","Shield +3","mixed","","","true","true","true","true","automatic","100","READY","itemExpansion.ts"
"item","fire-resistance-scale","Scale Mail of Fire Resistance","mixed","","","true","true","true","true","partial","100","READY","itemExpansion.ts"
"item","cold-resistance-chain","Chain Mail of Cold Resistance","mixed","","","true","true","true","true","partial","100","READY","itemExpansion.ts"
"item","lightning-resistance-leather","Leather Armor of Lightning Resistance","mixed","","","true","true","true","true","partial","100","READY","itemExpansion.ts"
"item","poison-resistance-breastplate","Breastplate of Poison Resistance","mixed","","","true","true","true","true","partial","100","READY","itemExpansion.ts"
"item","adamantine-splint","Adamantine Splint Armor","mixed","","","true","true","true","true","automatic","100","READY","itemExpansion.ts"
"item","gauntlets-ogre-power","Gauntlets of Ogre Power","mixed","","","true","true","true","true","partial","100","READY","itemExpansion.ts"
"item","headband-intellect","Headband of Intellect","mixed","","","true","true","true","true","partial","100","READY","itemExpansion.ts"
"item","amulet-health","Amulet of Health","mixed","","","true","true","true","true","partial","100","READY","itemExpansion.ts"
"item","belt-hill-giant","Belt of Hill Giant Strength","mixed","","","true","true","true","true","partial","100","READY","itemExpansion.ts"
"item","belt-stone-giant","Belt of Stone Giant Strength","mixed","","","true","true","true","true","partial","100","READY","itemExpansion.ts"
"item","belt-fire-giant","Belt of Fire Giant Strength","mixed","","","true","true","true","true","partial","100","READY","itemExpansion.ts"
"item","belt-storm-giant","Belt of Storm Giant Strength","mixed","","","true","true","true","true","partial","100","READY","itemExpansion.ts"
"item","stone-good-luck","Stone of Good Luck","mixed","","","true","true","true","true","partial","100","READY","itemExpansion.ts"
"item","boots-striding-springing","Boots of Striding and Springing","mixed","","","true","true","true","true","partial","100","READY","itemExpansion.ts"
"item","ioun-stone-fortitude","Ioun Stone of Fortitude","mixed","","","true","true","true","true","partial","100","READY","itemExpansion.ts"
"item","potion-supreme-healing","Potion of Supreme Healing","mixed","","","true","true","true","true","partial","100","READY","itemExpansion.ts"
"item","elixir-health","Elixir of Health","mixed","","","true","true","true","true","partial","100","READY","itemExpansion.ts"
"item","potion-vitality","Potion of Vitality","mixed","","","true","true","true","true","partial","100","READY","itemExpansion.ts"
"item","restorative-ointment","Restorative Ointment","mixed","","","true","true","true","true","partial","100","READY","itemExpansion.ts"
"item","antidote-elixir","Antidote Elixir","mixed","","","true","true","true","true","partial","100","READY","itemExpansion.ts"
"item","clear-sight-tonic","Clear Sight Tonic","mixed","","","true","true","true","true","partial","100","READY","itemExpansion.ts"
"item","hearing-restoration-tonic","Hearing Restoration Tonic","mixed","","","true","true","true","true","partial","100","READY","itemExpansion.ts"
"item","draught-free-motion","Draught of Free Motion","mixed","","","true","true","true","true","partial","100","READY","itemExpansion.ts"
"item","calming-restorative","Calming Restorative","mixed","","","true","true","true","true","partial","100","READY","itemExpansion.ts"
"item","greater-restorative-draught","Greater Restorative Draught","mixed","","","true","true","true","true","partial","100","READY","itemExpansion.ts"
"item","acid-vial","Acid Vial","mixed","","","true","true","true","true","partial","100","READY","itemExpansion.ts"
"item","alchemists-fire","Alchemist","mixed","","","true","true","true","true","partial","100","READY","itemExpansion.ts"
"item","holy-water-flask","Holy Water Flask","mixed","","","true","true","true","true","partial","100","READY","itemExpansion.ts"
"item","basic-poison-dose","Basic Poison Dose","mixed","","","true","true","true","true","partial","100","READY","itemExpansion.ts"
"item","serpent-venom-dose","Serpent Venom Dose","mixed","","","true","true","true","true","partial","100","READY","itemExpansion.ts"
"item","wyvern-poison-dose","Wyvern Poison Dose","mixed","","","true","true","true","true","partial","100","READY","itemExpansion.ts"
"item","purple-worm-poison-dose","Purple Worm Poison Dose","mixed","","","true","true","true","true","partial","100","READY","itemExpansion.ts"
"item","smoke-bomb","Smoke Bomb","mixed","","","true","true","true","true","partial","100","READY","itemExpansion.ts"
"item","thunder-charge","Thunder Charge","mixed","","","true","true","true","true","partial","100","READY","itemExpansion.ts"
"item","force-bead","Force Bead","mixed","","","true","true","true","true","partial","100","READY","itemExpansion.ts"
